company,url,category,positioning,where_it_competes_with_beacon,pricing_model,public_pricing,enterprise_readiness,beacon_win,beacon_risk,source_urls,confidence
Beacon.li,https://www.beacon.li/,AI implementation orchestration,"AI execution platform for enterprise implementations, focused on configuration, validation, cutover, and hypercare through UI-level agents.",Baseline company,Enterprise custom / POC-led,no,medium-high,"Executes implementation work inside the product UI; no backend/API access required; security posture includes SOC 2 Type II, GDPR, ISO 27001, BYO model, existing RBAC.","Young category; proof is mostly vendor-published; moat depends on whether implementation knowledge graph compounds across customers.",https://www.beacon.li/; https://www.beacon.li/platform-overview; https://www.beacon.li/blog/how-to-choose-implementation-orchestration-platform,high
WalkMe,https://www.walkme.com/,Digital adoption platform,"SAP-owned digital adoption platform for in-app guidance, workflow support, analytics, and AI assistance across enterprise applications.",Competes when buyer frames problem as adoption, training, employee productivity, or AI ROI across apps.,Enterprise custom,no,high,"Beacon is more implementation-execution-specific: config, testing, migration sequencing, hypercare before go-live.","WalkMe has SAP distribution, mature enterprise trust, partner ecosystem, broad app coverage, and strong proof base.",https://www.walkme.com/; https://apnews.com/article/aeca9d28c2498efecaf62960b90c9947,high
Pendo,https://www.pendo.io/pricing/,Product experience / digital adoption,"Product analytics and in-app guidance platform with custom paid plans and free entry tier.",Competes when buyer frames the problem as user behavior, product analytics, in-app guides, sentiment, or adoption orchestration.,Free tier plus custom pricing,partial,high,"Beacon targets implementation delivery work rather than product usage instrumentation or post-launch adoption nudges.","Pendo is mature, analytics-led, and easier to justify for product teams already measuring adoption.",https://www.pendo.io/pricing/,high
Whatfix,https://whatfix.com/pricing/,Digital adoption platform,"Enterprise DAP for in-app guidance, analytics, desktop/web/mobile adoption, support, and training.",Competes when buyer wants guided workflows, training, employee/customer-facing app adoption, and broad deployment options.,Enterprise / talk-to-sales,no,high,"Beacon can argue it replaces implementation labor, not only guidance content and adoption analytics.","Whatfix has mature DAP footprint, cloud/self-hosted deployment, support/training programs, and enterprise DAP credibility.",https://whatfix.com/pricing/,high
Appcues,https://www.appcues.com/pricing,Product onboarding / in-app messaging,"Customer-facing onboarding and product engagement platform for web/mobile in-app messaging, behavioral email, push, and AI planning.",Competes at the lighter-weight user onboarding/adoption edge, especially SaaS product-led growth teams.,Plan-based but talk-to-sales for pricing details,partial,medium,"Beacon is stronger for complex enterprise implementation and backend-like configuration workflows.","Appcues is simpler and likely easier for product teams needing onboarding messages rather than full implementation execution.",https://www.appcues.com/pricing,high
Rocketlane,https://www.rocketlane.com/pricing,Customer onboarding / PSA,"Professional-services and customer onboarding platform with project collaboration, resource management, financials, and AI resource features.",Competes when buyer wants implementation visibility, project portals, services operations, resource planning, and revenue recognition tracking.,Seat-based public pricing,yes,high,"Beacon's wedge is actual implementation execution; Rocketlane primarily organizes and operationalizes delivery work.","Rocketlane owns services operations and PSA workflows; Beacon may need to integrate rather than replace it.",https://www.rocketlane.com/pricing; https://timesofindia.indiatimes.com/city/chennai/rocketlane-raises-60-mn-eyes-expansion-from-ai-adoption/articleshow/129810857.cms,high
GuideCX,https://www.guidecx.com/,Customer onboarding / implementation management,"Customer onboarding and implementation project platform.",Competes when buyer wants project visibility, templates, collaboration, and customer accountability.,Enterprise / quote-led,not verified,medium,"Beacon can position as doing the implementation work, not just coordinating stakeholders.","GuideCX/adjacent tools are safer for teams that mainly need transparency and customer project governance.",https://www.guidecx.com/,medium
Arrows,https://arrows.to/pricing,Customer onboarding / sales rooms,"HubSpot-oriented sales rooms and onboarding plans, priced by team size and use case.",Competes in SMB/midmarket onboarding collaboration and customer handoff workflows.,Quote-led,no,medium,"Beacon is deeper for complex enterprise configuration and validation work.","Arrows is simpler, more accessible, and purpose-built for sales/CS handoff workflows.",https://arrows.to/pricing,high
Dock,https://www.dock.us/pricing,Sales/customer collaboration rooms,"Client-facing workspaces for sales, onboarding, and customer collaboration.",Competes when the perceived job is buyer/customer collaboration rather than implementation automation.,Plan-based / public pricing page,partial,medium,"Beacon is more operationally ambitious: execution, validation, audit, and hypercare.","Dock may win when teams need a polished shared workspace rather than an AI execution layer.",https://www.dock.us/pricing,medium
Unframe AI,https://www.unframe.ai/,Managed AI delivery / enterprise AI OS,"Managed AI transformation platform that builds production-grade AI solutions across enterprise operations.",Competes when buyer asks for AI transformation, cross-system workflows, agent orchestration, or managed AI delivery.,Enterprise / managed,not public,high,"Beacon is more verticalized around SaaS implementation orchestration and product-UI execution.","Unframe has broader enterprise AI scope, stronger funding/scale signals, and can absorb implementation as one use case.",https://www.unframe.ai/; https://www.businessinsider.com/unframe-raises-50-million-to-boost-enterprise-ai-pitch-deck-2026-6,high
UiPath,https://www.uipath.com/,RPA / agentic automation,"Enterprise automation platform for RPA, workflow automation, and agentic automation.",Competes when buyer wants automation primitives across enterprise systems rather than an implementation-specific platform.,Enterprise custom / platform,no,high,"Beacon can avoid brittle custom bot-building by owning the implementation domain model.","UiPath has massive enterprise footprint and can be configured to automate many implementation tasks.",https://www.uipath.com/,medium
