file	passed	failed	status
AI_code_assistant_Master_Blueprint.md	10/10		implementation-reviewed
Conversational_Support_Master_Blueprint.md	10/10		implementation-reviewed
HR_Onboarding_Agent_Master_Blueprint.md	10/10		implementation-reviewed
KYC_AML_Onboarding_Agent_Master_Blueprint.md	10/10		implementation-reviewed
Prior_Authorization_Agent_Master_Blueprint.md	10/10		implementation-reviewed
IT_Service_Desk_Master_Blueprint.md	10/10		implementation-reviewed
Threat_Detection_SecOps_Master_Blueprint.md	10/10		implementation-reviewed
Legal_Research_Drafting_Master_Blueprint.md	10/10		implementation-reviewed
App_build_migration_automation_Master_Blueprint.md	10/10		implementation-reviewed
Tenant_Screening_Underwriting_Master_Blueprint.md	10/10		implementation-reviewed
Claim_Denial_Management_Master_Blueprint.md	10/10		implementation-reviewed
Fraud_and_Risk_Detection_Master_Blueprint.md	10/10		implementation-reviewed
Document_AI_extraction_Master_Blueprint.md	10/10		implementation-reviewed
Financial_Report_Reconciliation_Master_Blueprint.md	10/10		implementation-reviewed
NL_analytics_text-to-SQL_Master_Blueprint.md	10/10		implementation-reviewed
Forecasting_predictive_ops_Master_Blueprint.md	10/10		implementation-reviewed
Legacy-IT_modernization_NL_to_SAP_Master_Blueprint.md	10/10		implementation-reviewed
Audit_Tax_Document_Synthesis_Master_Blueprint.md	10/10		implementation-reviewed
Messaging_Channel_Chatbot_Master_Blueprint.md	10/10		implementation-reviewed
AI_Shopping_Sales_Consultant_Master_Blueprint.md	10/10		implementation-reviewed
In_Product_Owner_Assistant_Master_Blueprint.md	10/10		implementation-reviewed
Brand_and_3D_asset_generation_Master_Blueprint.md	10/10		implementation-reviewed
Vendor_Catalog_Enrichment_Master_Blueprint.md	10/10		implementation-reviewed
Video_generation_Master_Blueprint.md	10/10		implementation-reviewed
Deal_Desk_Pricing_Approvals_Master_Blueprint.md	10/10		implementation-reviewed
Commercial_Lease_Abstraction_Master_Blueprint.md	10/10		implementation-reviewed
Clinical_Trial_Matching_Master_Blueprint.md	10/10		implementation-reviewed
Contact_Center_Agent_Assist_Master_Blueprint.md	10/10		implementation-reviewed
Commission_Dispute_Resolution_Master_Blueprint.md	10/10		implementation-reviewed
Maintenance_Ticket_Orchestration_Master_Blueprint.md	10/10		implementation-reviewed
Bid_RFP_Response_Automation_Master_Blueprint.md	10/10		implementation-reviewed
Loan_Origination_Underwriting_Master_Blueprint.md	10/10		implementation-reviewed
Enterprise_Knowledge_Search_Master_Blueprint.md	10/10		implementation-reviewed
HOA_Compliance_Violations_Master_Blueprint.md	10/10		implementation-reviewed
Returns_Refund_Triage_Master_Blueprint.md	10/10		implementation-reviewed
Retail_Inventory_Reconciliation_Master_Blueprint.md	10/10		implementation-reviewed
Agentic_Auto_Remediation_Master_Blueprint.md	10/10		implementation-reviewed
Compliance_and_Audit_Agent_Master_Blueprint.md	10/10		implementation-reviewed
Ad_and_creative_generation_at_scale_Master_Blueprint.md	10/10		implementation-reviewed
CRM_Data_Hygiene_Auto-Logging_Master_Blueprint.md	10/10		implementation-reviewed
Research_and_Insight_Agent_Master_Blueprint.md	10/10		implementation-reviewed
Dynamic_Competitor_Pricing_Agent_Master_Blueprint.md	10/10		implementation-reviewed
Influencer_Campaign_Orchestration_Master_Blueprint.md	10/10		implementation-reviewed
Doc_Summarization_Drafting_Master_Blueprint.md	10/10		implementation-reviewed
Portfolio_Rebalancing_Reporting_Master_Blueprint.md	10/10		implementation-reviewed
Patient_Intake_Triage_Master_Blueprint.md	10/10		implementation-reviewed
Freight_Quote_and_Routing_Agent_Master_Blueprint.md	10/10		implementation-reviewed
Travel_Booking_Planner_Master_Blueprint.md	10/10		implementation-reviewed
Supplier_Dispute_Resolution_Master_Blueprint.md	10/10		implementation-reviewed
Inventory_Forecasting_and_Re_routing_Master_Blueprint.md	10/10		implementation-reviewed
Customs_and_Bill_of_Lading_Extraction_Master_Blueprint.md	10/10		implementation-reviewed
Personalized_marketing_content_Master_Blueprint.md	10/10		implementation-reviewed
